seed,quadrant,team,id
10,,Oklahoma,b2fda957-e15c-4fb2-8a13-6e58496f561e
11,,Florida  ,912f8837-1d81-4ef9-a576-a21f271d4c64
12,,Belmont,a0a22502-0d84-440c-84af-1fbb070ad54c
12,,Davidson,2920c5fa-1e86-4958-a7c4-1e97b8e201d8
14,,Bowling Green,a9e4d292-d074-40e7-a81a-f9342929b979
15,,Princeton,fe406882-9f22-495e-9df6-ef357a6803c6
16,,Norfolk St.,a8f75c12-c4db-401f-99e3-b48209d85274
16,,Rider,0b73b9b9-1e29-4b14-b5d8-0405fe942e32
